"A4",
"A5",
"A6",
"A10",
"A11",
"A12",
"A15",
"B1",
"B2",
"B3",
"B5",
"B10",
"B11",
"B14",
"B15",
"B18",
"C1",
"C2",
"C3",
"C4",
"C11",
"C14",
"D1",
"D2",
"D3",
"D4",
"D5",
"D14",
"E1",
"E2",
"E3",
"E4",
"F1",
"F2",
"F3",
"F4",
"F17",
"F18",
"G1",
"G2",
"G3",
"G4",
"G15",
"G16",
"G17",
"G18",
"H1",
"H2",
"H3",
"H4",
"J1",
"J2",
"J3",
"J4",
"K1",
"K2",
"K3",
"K4",
"L1",
"L2",
"L3",
"L4",
"M1",
"M2",
"M3",
"M4",
"N1",
"N2",
"N3",
"N4",
"P1",
"P2",
"P3",
"P4",
"R7",
"R8",
"R9",
"R12",
"R13",
"R14",
"T6",
"T7",
"T8",
"T9",
"T10",
"T11",
"T12",
"T13",
"T14",
"T15",
"T16",
"T17",
"U6",
"U7",
"U8",
"U9",
"U10",
"U11",
"U12",
"U13",
"U14",
"U15",
"U16",
"U17",
"U18",
"V6",
"V7",
"V8",
"V9",
"V10",
"V11",
"V12",
"V13",
"V14",
"V15",
"V16",
"V17",
"A7",
"A8",
"A9",
"A13",
"A14",
"A16",
"A17",
"B6",
"B7",
"B8",
"B9",
"B12",
"B13",
"B16",
"B17",
"C5",
"C6",
"C7",
"C8",
"C9",
"C12",
"C13",
"C15",
"C16",
"C17",
"C18",
"D12",
"D13",
"D15",
"D16",
"D17",
"D18",
"E15",
"E16",
"E17",
"E18",
"F15",
"F16",
"H16",
"H17",
"H18",
"J15",
"J16",
"J17",
"J18",
"K15",
"K16",
"K17",
"K18",
"L15",
"L16",
"L17",
"L18",
"M15",
"M16",
"M17",
"M18",
"N17",
"N18",
"P15",
"P16",
"P17",
"P18",
"R1",
"R2",
"R3",
"R4",
"R5",
"R6",
"R17",
"R18",
"T1",
"T2",
"T3",
"T4",
"T5",
"T18",
"U1",
"U2",
"U3",
"U4",
"U5",
"V2",
"V3",
"V4",
"V5",
"A2",
"A3",
"B4",
"C10",
"D6",
"D7",
"D8",
"D9",
"D10",
"D11",
"E5",
"E6",
"E7",
"E8",
"E9",
"E10",
"E11",
"E12",
"E13",
"E14",
"F5",
"F6",
"F7",
"F9",
"F10",
"F11",
"F12",
"F13",
"F14",
"G5",
"G6",
"G7",
"G10",
"G13",
"G14",
"H5",
"H11",
"H13",
"H14",
"H15",
"J5",
"J12",
"J13",
"J14",
"K5",
"K6",
"K8",
"K12",
"K13",
"K14",
"L5",
"L6",
"L7",
"L8",
"L9",
"L14",
"M5",
"M11",
"M13",
"M14",
"N5",
"N6",
"N8",
"N9",
"N12",
"N13",
"N14",
"N15",
"N16",
"P5",
"P6",
"P7",
"P8",
"P9",
"P10",
"P11",
"P12",
"P13",
"P14",
"R10",
"R11",
"R15",
"R16",
"A1",
"A18",
"F8",
"G8",
"G9",
"G11",
"G12",
"H6",
"H7",
"H8",
"H9",
"H10",
"H12",
"J6",
"J7",
"J8",
"J9",
"J10",
"J11",
"K7",
"K9",
"K10",
"K11",
"L10",
"L11",
"L12",
"L13",
"M6",
"M7",
"M8",
"M9",
"M10",
"M12",
"N7",
"N10",
"N11",
"V1",
"V18",
